{"cameraMode":{"drawMode":0,"name":"Shaded","section":"Shading Mode"},"sceneLighting":false,"audioPlay":false,"sceneViewState":{"m_AlwaysRefresh":false,"showFog":true,"showSkybox":false,"showFlares":true,"showImageEffects":true,"showParticleSystems":true,"showVisualEffectGraphs":true,"m_FxEnabled":true},"in2DMode":false,"pivot":{"x":-0.4332618713378906,"y":2.0603275299072267,"z":-0.2472553253173828},"rotation":{"x":-0.05361559987068176,"y":0.9102410078048706,"z":-0.12475618720054627,"w":-0.39118915796279909},"size":3.3301875591278078,"orthographic":false}